,ERF,ERFariSW,ERFaciSW,ERFariLW,ERFaciLW,albedo,ERFari,ERFaci,residual
1850,-0.05813936478337776,0.012180409621913618,0.004985052420113684,-0.007692076276958136,-0.05866126987659829,-0.010292675916659067,0.0044883333449554814,-0.053676217456484605,0.0013411952448104305
1851,-0.0651566072686264,-0.0017542779132116069,-0.2868236782246576,0.07868768238439335,0.13433950392296246,0.004339264838570483,0.07693340447118174,-0.15248417430169514,0.006054897723316511
1852,-0.11041863701889885,0.034934391734599536,0.1316465557884084,-0.26954666933600396,-0.05572591129368804,0.04926841131501604,-0.23461227760140443,0.07592064449472036,-0.000995415227230817
1853,0.5599943817279027,0.04506854074566756,0.17678693869538262,0.05380581794944122,0.2051830332274523,0.08120326843758204,0.09887435869510877,0.3819699719228349,-0.0020532173276229387
1854,0.24734813014784968,0.0542154832404823,-0.06046086633422498,0.17630802369959878,0.07208780717403161,0.008070138034858215,0.23052350694008109,0.01162694083980663,-0.002872455666896253
1855,-0.0395740290775072,0.020962480407552646,0.16947470827389377,-0.038458099189492306,-0.19413000851886023,0.0006004857607066063,-0.01749561878193966,-0.024655300244966455,0.00197640418869231
1856,-0.12770940749810103,-0.011250369473253582,0.0637844903934892,0.07907772108718898,-0.1884443702024351,-0.06633413312993867,0.0678273516139354,-0.1246598798089459,-0.004542746173151868
1857,-0.6468039107275434,-0.06499705634116863,-0.17503949071052333,-0.08231499155442523,-0.26749271833607396,-0.05607642106504555,-0.14731204789559388,-0.4425322090465973,-0.00088323272030668
1858,0.33389196901418444,-0.0017396456525414997,0.19556737957608544,0.14162647950841523,0.07179605360509633,-0.0729160591421009,0.13988683385587372,0.2673634331811818,-0.00044223888077014883
1859,0.01429996190530603,-0.03362161006800768,0.04148289546550332,-0.0018442643818348218,-0.017288502416207645,0.029684745175878293,-0.0354658744498425,0.024194393049295677,-0.00411330187002544
1860,-0.21439553764726185,9.379731178132573e-05,-0.30571427020644115,0.0394654340367756,0.05338527302822236,0.0030102510952644402,0.03955923134855692,-0.2523289971782188,-0.0046360229128644265
1861,-0.3512993117554377,-0.014207239427122601,-0.10781398531133504,-0.03411552296741035,-0.11337672060946957,-0.08282494752205422,-0.04832276239453295,-0.22119070592080461,0.0010391040819540398
1862,-0.22920265733746467,0.03771089488365336,-0.12823309706944405,0.014674710720235105,-0.12475587111459537,-0.03359295051506247,0.05238560560388847,-0.25298896818403943,0.004993655757748759
1863,-0.4384519065237696,-0.11726569538064552,-0.2876999700634754,-0.00047946226041773544,0.016810423021534772,-0.06285556187098776,-0.11774515764106325,-0.2708895470419406,0.013038360030222046
1864,0.1640831314979562,0.041310364316352,-0.006186949767744958,-0.09682008181190832,0.23734015280360066,-0.008838111657671352,-0.05550971749555632,0.2311532030358557,-0.002722242384671855
1865,-0.43766908625878304,-0.1132605897133752,-0.2198439157292863,-0.1141379201338643,-0.0008614719088204372,0.005498805173729505,-0.2273985098472395,-0.22070538763810674,0.004936006052833696
1866,-0.36279319396622817,-0.0681360754488599,-0.3352973497530546,0.013039955915436748,0.07395231533432518,-0.04536402447442091,-0.05509611953342315,-0.2613450344187294,-0.0009880155396547047
1867,-0.08946909301133446,0.0210510730379231,-0.2321412290861656,-0.013820546054687464,0.1626347777074433,-0.025330032203736058,0.0072305269832356345,-0.0695064513787223,-0.001863136412111735
1868,0.19609174234440793,-0.038482833909580044,0.028418283407456082,0.06585595973079994,0.11490990728891091,0.02510533122079206,0.027373125821219896,0.14332819069636699,0.0002850946060289905
1869,0.3876698121128457,-0.013043706129354527,0.27849821578030304,0.09107540812684681,0.015373320713439265,0.014544521371474481,0.07803170199749228,0.2938715364937423,0.001222052250136621
1870,-0.12783139986492667,0.003642208617276419,-0.0550836574355477,-0.02160808799736467,0.0059412625256740756,-0.060004872551417024,-0.017965879380088253,-0.04914239490987363,-0.000718253023547763
1871,-0.41166803450049677,-0.03149936753960229,-0.4231751624536928,0.042984636283196334,0.013362562343734905,-0.02045936019089911,0.011485268743594047,-0.4098126001099579,0.007118657056766172
1872,0.26841825106590383,-0.05345227469692145,0.3810400146893596,0.06562323429726782,-0.11994512487937556,-0.009108791142791794,0.012170959600346372,0.2610948898099841,0.004261192798365187
1873,-0.03570961573765871,-0.03606144556202663,-0.08982901287362252,0.14372707168316007,0.03159466785203144,-0.07787259227041482,0.10766562612113344,-0.05823434502159108,-0.007268304566786232
1874,8.361566752900315e-05,-0.030028945327813222,0.19504260957535713,0.012993194018621276,-0.12002785533059895,-0.054189881043765036,-0.017035751309191945,0.07501475424475817,-0.0037055062242721884
1875,-0.4641741693596241,-0.09233126614348194,0.0925507794496621,-0.18487417120434788,-0.2543795629594203,-0.03228160620926714,-0.2772054373478298,-0.1618287835097582,0.007141657707231096
1876,-0.17807846533921928,0.04421354898395948,-0.08385063893900548,-0.02079521698723505,-0.10900078746960977,-0.008896005751601741,0.023418331996724433,-0.19285142640861525,0.0002506348242732638
1877,-0.12143577317648158,-0.0013140591142502375,-0.015211916826484371,-0.08990098597487317,-0.030366124422342742,0.014308789129016201,-0.09121504508912341,-0.04557804124882711,0.0010485240324527457
1878,0.28081456104607627,0.022114373043815305,0.19267351195218074,0.054082227435603286,-0.002856075152741893,0.016349612224132025,0.07619660047941859,0.18981743679943885,-0.0015490884569131988
1879,-0.7164855030741643,0.0070385992926276135,-0.47729357059975885,-0.17145530087291855,-0.08968079420662027,0.013638138954857373,-0.16441670158029092,-0.5669743648063791,0.0012674243576484365
1880,0.37515730905775607,0.007775429493890562,-0.14223756914964483,0.1746433053111253,0.2779125649053627,0.05986954420712285,0.18241873480501586,0.13567499575571787,-0.0028059657101005067
1881,0.3594899018897809,-0.039899376164717275,0.22016314385221916,0.10088709430844901,0.13094894767244553,-0.053140110444211755,0.06098771814373174,0.3511120915246647,0.0005302026655962383
1882,-0.1769279948037808,0.0026862939894964724,0.11624418427933698,-0.19353760653126223,-0.1665122268577036,0.06427102553262276,-0.19085131254176577,-0.050268042578366604,-7.966521627118806e-05
1883,0.051172672906064,-0.005700386442793921,0.07046491117110962,-0.14364451354802196,0.09931806248000812,0.03488306500455702,-0.14934489999081588,0.16978297365111772,-0.004148465758794857
1884,-0.5128379276543796,-0.06244116091780149,-0.18219175395090048,-0.1319944422724919,-0.12911201540450998,-0.0027046550511610756,-0.1944356031902934,-0.3113037693554105,-0.004393900057514666
1885,-0.45045309812720136,-0.05988974197552009,-0.06838191738797804,-0.11929166645540962,-0.15878469083798996,-0.04604046168873006,-0.17918140843092972,-0.22716660822596801,0.001935380218426437
1886,-0.3247364861985016,-0.10183296656797747,0.01061762686731087,-0.10167888155387064,-0.12694947393209197,-0.014928868042999683,-0.2035118481218481,-0.1163318470647811,0.010036077031127298
1887,-0.18250112427428,-0.009851358021299727,-0.46132458075899596,0.06981991799784126,0.18383586732978763,0.03753036917599023,0.05996855997654153,-0.27748871342920833,-0.0025113399976034456
1888,-0.23862024561300746,0.043190634911878065,-0.5646052740654909,0.011790135987221857,0.21838218385718067,0.05637166947332646,0.05498077089909992,-0.3462230902083102,-0.003749595777123596
1889,0.01949992286130873,0.08588729679354232,0.031304827920725135,0.025982266620618616,-0.1379281552585239,0.023515681815424058,0.11186956341416093,-0.10662332733779875,-0.009261995030477518
1890,-0.5914500281050434,-0.09315669651875619,-0.14266292684193813,-0.19145178363412374,-0.14001563218808594,-0.020728591696888995,-0.28460848015287993,-0.28267855903002403,-0.0034343972252504767
1891,-0.22475842702533638,-0.03219571140242526,-0.36312188997823486,0.05125497391679261,0.07495629822995398,0.04600302042909055,0.019059262514367348,-0.2881655917482809,-0.0016551182205134032
1892,0.19265185084572264,0.05551562078673965,0.01539207296000684,0.10453962502311961,0.016758415077733686,-0.00858039496678376,0.16005524580985925,0.032150488037740524,0.009026511964906633
1893,-0.06487577614876022,0.010996732759747305,-0.4199004709014014,0.06074722204377417,0.3247788028236484,-0.04402654292478273,0.07174395480352147,-0.09512166807775302,0.0025284800502540575
1894,-0.6674916780428423,-0.04295492212038827,-0.4754006933819436,-0.05038517332031707,-0.09184833568144583,-0.005519601845655937,-0.09334009544070535,-0.5672490290633894,-0.0013829516930916434
1895,-0.24662135111547273,-0.05309484410714712,-0.25722270832246197,-0.17743450350464704,0.24836046349376964,-0.006736445253740457,-0.23052934761179417,-0.008862244828692328,-0.0004933134212457791
1896,-0.06453949624427482,-0.03175078468685579,-0.20057660880445038,0.04428228802861967,0.15138971728278947,-0.027820703447710975,0.01253150334176388,-0.04918689152166092,-6.340461666681091e-05
1897,-0.26457106754029003,-0.023102557886143245,-0.49509539535113406,0.06528088703824426,0.20765798191925736,-0.01672856760436641,0.04217832915210102,-0.2874374134318767,-0.002583415656147954
1898,-0.2567709988684296,-0.09554052815524344,-0.3475731837012567,0.13432654425760204,0.09305304520609362,-0.04354530498919008,0.0387860161023586,-0.2545201384951631,0.0025084285135649823
1899,-0.5798290450825178,-0.04605232691190048,-0.6326640985908102,-0.09758335074151865,0.1842982393707309,0.016333731301004583,-0.14363567765341914,-0.4483658592200793,-0.004161239510023906
1900,-0.27228080596938736,-0.012522556609311022,-0.4588852315038385,0.11162228989405462,0.060561724560153046,0.031054425120928042,0.0990997332847436,-0.39832350694368546,-0.004111457431373533
1901,-0.5350725931528946,-0.08450796219118588,-0.640177947045756,0.15033014521525914,0.02113771943907315,0.017173664662556126,0.06582218302407326,-0.6190402276066829,0.0009717867671588942
1902,-0.3808257572169588,-0.10641412126680637,-0.17993457078306388,0.1273889730342051,-0.13742414585494636,-0.08362036428133596,0.02097485176739873,-0.31735871663801024,-0.0008215280650113455
1903,-0.5186852761363779,-0.11087459781427143,-0.4048820030358299,-0.07346600568574649,0.11860521919975832,-0.04724810516489625,-0.1843406035000179,-0.2862767838360716,-0.0008197836353922017
1904,0.025334685941192116,-0.010504551495200857,-0.27577005045830905,0.09754547361018649,0.22737440023836106,-0.009210089131360554,0.08704092211498564,-0.04839565021994799,-0.004100496822484976
1905,-0.014145187741503721,-0.024892717372083702,-0.28684774222806075,0.0029684291624145443,0.2842461830774376,0.015020609412184074,-0.021924288209669157,-0.002601559150623156,-0.004639949793395482
1906,0.02571665263113271,-0.054107531492916645,0.06026414849037338,0.009972595392623337,0.06720257112335924,-0.054432800152476035,-0.04413493610029331,0.12746671961373263,-0.003182330729830568
1907,-0.23787383196734296,-0.09945878929246192,-0.3032542480894485,-0.12661714747314193,0.23699002751124343,0.05291013583201346,-0.22607593676560384,-0.06626422057820508,0.0015561895444524895
1908,-0.5403651698367357,-0.03525627011730258,-0.595857368436111,-0.10890122180698983,0.18366741815192023,0.025446780790273158,-0.1441574919242924,-0.4121899502841908,-0.009464508418525617
1909,-0.291904207870411,0.0008440778601345711,-0.38472696502952386,0.15389692681568826,-0.02072559403748083,-0.040638551448412136,0.15474100467582283,-0.40545255906700467,-0.0005541020308169886
1910,-0.42897024784368154,-0.08874605872138236,-0.37062994444384095,-0.029920110152610216,0.07193647108452549,-0.01455382733716031,-0.11866616887399258,-0.29869347335931545,0.0029432217267867846
1911,-0.37039592936111576,-0.05551430978997938,-0.3244042682403854,-0.04502648309115236,0.02781317986404153,0.021371211378281057,-0.10054079288113174,-0.29659108837634385,0.005364740518078743
1912,-0.21901794760085633,-0.10330673572175762,-0.3147183361440388,0.08637045696764117,0.11898095651623503,-0.003349010470993351,-0.01693627875411645,-0.1957373796278038,-0.0029952787479427434
1913,-0.14283103855509777,-0.07341201155212794,-0.44129623228535203,0.10203479375486971,0.26759047617209997,0.006597368574062715,0.028622782202741767,-0.17370575611325206,-0.0043454332186502
1914,-0.1739190871844679,-0.13958912493028522,-0.3293828515243985,0.054356170249588984,0.2486211981167527,-0.0025461890182400153,-0.08523295468069624,-0.0807616534076458,-0.005378290077885868
1915,-0.4674062304978905,-0.053946633521453596,-0.7532358172531185,0.021970580420710196,0.32089519224988255,-0.00021480035640154512,-0.031976053100743404,-0.43234062500323595,-0.002874752037509576
1916,-0.5002617665782937,0.0014789501750104017,-0.3553035544131115,-0.0031584775413336205,-0.1373899174277857,-0.0036423992468047166,-0.0016795273663232188,-0.4926934718408972,-0.0022463681242685836
1917,-0.10354300389172304,-0.09543017604101763,-0.007315091458212421,0.018336878495826697,0.02038716022659745,-0.050893087446293735,-0.07709329754519093,0.013072068768385028,0.011371312331376594
1918,-0.08445281532000412,-0.04112236007761059,-0.28541524380490346,0.10862569100755798,0.1363872934650817,-0.0022969783702538804,0.0675033309299474,-0.14902795033982177,-0.0006312175398758635
1919,-0.4500378372878957,-0.06331986350554318,-0.44775441493769036,-0.05771812977762478,0.10861240020157722,0.0008057388594491017,-0.12103799328316796,-0.33914201473611316,0.0093364318719363
1920,-0.5569776950275389,-0.08599037922213228,-0.5117845482186332,0.030052110930611556,0.061112929276079926,-0.04656089089529229,-0.055938268291520724,-0.45067161894255325,-0.0038069168981726548
1921,0.4619018393456832,-0.02988378129537123,0.30821185605097917,0.1346989708145,0.10201161662772709,-0.0523285061933882,0.10481518951912877,0.4102234726787063,-0.0008083166587636789
1922,0.633795347365966,0.047999523074946045,-0.036193235083076924,0.09266480967583168,0.4921409051176867,0.04152310608788219,0.14066433275077772,0.4559476700346098,-0.0043397615073037105
1923,-0.1626222095807545,-0.01822129469882056,-0.42785786640919354,0.05951958897181174,0.2539056905819068,-0.03566946613037189,0.041298294272991184,-0.17395217582728673,0.005701138103912956
1924,-0.5098418138624176,-0.04057452424823602,-0.4617298458835679,0.058095404987921595,-0.01764191541548932,-0.044278339652114765,0.017520880739685572,-0.47937176129905723,-0.0037125936509311702
1925,-0.30096707916147836,0.005428072935578609,-0.5112340952380244,0.1118421477288763,0.08371742936746626,0.016968580091085917,0.1172702206644549,-0.42751666587055814,-0.007689214046461047
1926,-0.261893346489067,-0.11794813472312275,-0.49502163647813224,-0.01409361606825614,0.3365243855196416,0.02912294423580126,-0.1320417507913789,-0.15849725095849065,-0.0004772889749986922
1927,-0.37310478470576053,-0.035648891545238134,-0.7540018059202602,0.07246582867841228,0.3488522814314732,0.0004865040667947313,0.036816937133174146,-0.40514952448878705,-0.005258701416942343
1928,-0.3495140876085636,-0.04539762946624732,-0.49857032793466827,0.14694791052015307,0.08267395930390066,-0.03162553922941408,0.10155028105390576,-0.4158963686307676,-0.0035424608022876503
1929,-0.49848504470148786,-0.11408573130504827,-0.651053264049403,0.15604382793245644,0.1573579816713065,-0.03730512736294806,0.04195809662740817,-0.4936952823780965,-0.009442731587851465
1930,-0.1410404888584989,-0.11525630120681625,-0.18008813039730057,0.1778283490737601,0.04669877463710141,-0.07067157589277785,0.06257204786694386,-0.13338935576019917,0.0004483949275342486
1931,-0.09512106038623609,-0.049005521267277787,-0.34669733542104036,0.15461745027270182,0.15156788757705617,0.006760822604814121,0.10561192900542404,-0.1951294478439842,-0.012364364152490044
1932,-0.2888351172771908,0.00997963037506957,-0.45206473444928036,0.13508490291210817,-0.037695616559414905,0.0628323675314793,0.14506453328717775,-0.48976035100869525,-0.006971667087152578
1933,-0.6360106497112474,-0.0625010760934237,-0.6765994821051998,0.03204542126606422,0.06483590398168347,0.00451148696460765,-0.030455654827359485,-0.6117635781235163,0.0016970962750207123
1934,-0.05489997649167214,0.04348027273465454,-0.4752059832842002,0.08467602159064373,0.26719530631095745,0.028628961868021014,0.12815629432529826,-0.20801067697324277,-0.0036745557117486456
1935,0.3628927190430919,-0.03274987167710385,-0.01566881099114088,0.1452709291367659,0.23643978617886216,0.024751291848151134,0.11252105745966204,0.2207709751877213,0.004849394547557402
1936,-0.8627642647770243,-0.061029828598176836,-0.8490049908181861,-0.10009370912446268,0.1935489066554326,-0.039465019346139676,-0.16112353772263951,-0.6554560841627536,-0.006719623545491479
1937,-0.814694635523514,-0.12492692033132646,-0.6820545440600845,-0.04574125425518209,0.08801705214886602,-0.048554496930013756,-0.17066817458650857,-0.5940374919112185,-0.0014344720957732218
1938,-0.58538032950968,-0.16180846140859698,-0.578251989679019,0.09620424527002774,0.1364950989805995,-0.0773303129853452,-0.06560421613856923,-0.4417568906984195,-0.0006889096873460288
1939,-0.6732258786792129,-0.07778278593547971,-0.9678281662057336,0.1415348360902142,0.31170814027561256,-0.07600636954850157,0.06375205015473448,-0.6561200259301211,-0.004851533355324761
1940,-0.6675600400583256,-0.11642371045987229,-0.9075564499606713,0.14188674184032485,0.24366956024336558,-0.027987555382600383,0.025463031380452555,-0.6638868897173057,-0.0011486263388720934
1941,-0.46537600084108816,-0.08860364257587444,-0.6539894200968338,0.05359488722468641,0.19317778386059736,0.0292759456175953,-0.03500875535118803,-0.46081163623623644,0.001168445128741015
1942,-1.3743744234763764,-0.1345136196577681,-1.2346769170405898,-0.0443564049952341,0.09967360246405785,-0.050182470124304726,-0.1788700246530022,-1.135003314576532,-0.010318614122537581
1943,-0.5874456699887679,-0.07932273861120888,-0.788661150534012,0.09579219070568445,0.1907520888854429,-0.009871828574439545,0.016469452094475576,-0.597909061648569,0.0038657681397651026
1944,-0.6360567068199837,-0.05159739181459195,-0.46879329860397256,-0.03997470798739656,0.02510684399081269,-0.10276556419117386,-0.09157209980198851,-0.44368645461315986,0.001967411786338552
1945,-0.6948989658191005,-0.14971531461850915,-0.7424028077311187,-0.003880295499996711,0.2106438162246979,-0.007489642967503952,-0.15359561011850587,-0.5317589915064207,-0.0020547212266699743
1946,-0.4241346591354128,-0.04976080391691608,-0.5974585135145755,0.10225946868616058,0.2111421926629291,-0.0838606229140214,0.0524986647692445,-0.38631632085164636,-0.00645638013898954
1947,-0.7515662825796952,-0.09494165061779887,-0.714769069489018,-0.025835263147373822,0.161963064475748,-0.07377729564774599,-0.12077691376517269,-0.5528060050132699,-0.004206068153506604
1948,-0.2837252013461455,-0.06295349769442805,-0.3241779933894895,0.09230808012327181,0.027540816890647947,-0.016069762118189296,0.029354582428843756,-0.2966371764988415,-0.0003728451579584173
1949,-0.8318202417125408,-0.02836021801576708,-0.803192569388428,0.022143323750499978,-0.006485543549719132,-0.01217124397574485,-0.006216894265267104,-0.8096781129381471,-0.0037539905333817906
1950,-0.6431554553862472,-0.035908819396634706,-0.778852074269094,0.06296458732267826,0.13513382081755548,-0.018241036546897203,0.027055767926043556,-0.6437182534515384,-0.008251933313855132
1951,-0.864952028466289,-0.11050462680474771,-0.9062185425446487,-0.06817855686668794,0.17124704264432644,0.05378554646829524,-0.17868318367143565,-0.7349714999003223,-0.0050828913628263445
1952,-0.8523785963993029,-0.11044612536782064,-1.0478473292212727,0.01851383686236246,0.2811279258542591,0.007152947990814108,-0.09193228850545818,-0.7667194033670135,-0.0008798525176453194
1953,-0.24994896972330263,-0.05476701678285079,-0.8828682594460979,0.2755616753269559,0.39462696620179893,0.03146791990939665,0.22079465854410513,-0.488241293244299,-0.01397025493250545
1954,-0.7004657829348874,-0.1070169334271297,-1.0489764283768153,0.13593183302410428,0.31318386187456215,0.011629024502166874,0.028914899596974575,-0.7357925665022531,-0.005217140531775711
1955,-0.2528033857699734,-0.11970608507923444,-0.3703854963504763,-0.054072676282362765,0.2738436454400387,0.023721334103176894,-0.1737787613615972,-0.0965418509104376,-0.006204107601115505
1956,-1.0642462119778842,-0.21690872386441978,-1.0380932903935287,0.10963016113473568,0.17505530666587876,-0.09476617987983108,-0.1072785627296841,-0.86303798372765,0.000836514359280921
1957,-0.9984414009962447,-0.14669158767465587,-1.1958280503026346,0.19504464402816646,0.17486208799960926,-0.014378086409083668,0.04835305635351059,-1.0209659623030254,-0.011450408637646126
1958,-0.915675630166378,-0.15314600306001017,-0.9833733616904501,0.077463988898438,0.16654019091851974,-0.01675603524432051,-0.07568201416157216,-0.8168331707719303,-0.006404409988555015
1959,-0.6666577526116537,-0.17028458256374243,-1.0371451711757576,0.0755372284740241,0.5005971268957322,-0.02768743227839325,-0.09474735408971834,-0.5365480442800253,-0.0076749219635167815
1960,-0.8613103602461742,-0.18682959649680358,-0.9584934649015796,0.03788997607299184,0.26297597539070117,-0.020216796161148156,-0.14893962042381176,-0.6955174895108784,0.0033635458496641644
1961,-1.4768127780116758,-0.2562011641010275,-1.426084332497194,0.11329232479459463,0.16591753479064303,-0.07534886837258065,-0.1429088393064329,-1.260166797706551,0.0016117273738886495
1962,-1.3917605066666263,-0.1869973843739776,-1.3395518815762952,0.0839454911767589,0.13272481636661754,-0.08079464307699072,-0.10305189319721869,-1.2068270652096778,-0.0010869051827392118
1963,-1.1748849229915703,-0.21091469827544343,-1.4669628514102095,0.1287495983817143,0.4486835634115247,-0.06462192490339086,-0.08216509989372914,-1.0182792879986848,-0.00981861019576552
1964,-1.3190234842791608,-0.22489853354085004,-1.342286607556552,0.12396390497517468,0.17846221965360698,-0.04860374671374831,-0.10093462856567537,-1.163824387902945,-0.005660721096792089
1965,-0.6858907523537368,-0.19576212754882508,-1.0050215139745204,0.2714429364322259,0.2720698044250048,-0.025898476629232337,0.07568080888340081,-0.7329517095495157,-0.002721375058389486
1966,-1.1514143655151305,-0.2489267413474592,-1.2707499258496453,0.1304075727896458,0.25768282358409805,-0.011596749481508052,-0.11851916855781341,-1.0130671022655473,-0.008231345210261663
1967,-1.302177649334561,-0.2640407764855781,-1.4216317716920217,0.14598205803499428,0.32429895341460624,-0.07860957906734876,-0.11805871845058383,-1.0973328182774154,-0.008176533539212896
1968,-1.4481885676981492,-0.27141242151612577,-1.4839174938368116,0.1689329301381038,0.22257772950256174,-0.08724556495862565,-0.10247949137802198,-1.2613397643342499,0.0028762529727483777
1969,-1.4142183956927215,-0.27409235500738516,-1.4628935918913215,0.13018064758754566,0.3209823219324463,-0.12483051040323545,-0.1439117074198395,-1.1419112699588752,-0.0035649079107713533
1970,-1.5240829901385655,-0.27761635108597676,-1.6399874145396174,0.13546644506110925,0.27776471842648726,-0.013179025617093424,-0.14214990602486752,-1.36222269611313,-0.0065313623834745895
1971,-1.1734910732723316,-0.2566484303611124,-1.2107869727201193,0.10911475776396032,0.21588416457460233,-0.02318031289764499,-0.14753367259715208,-0.9949028081455169,-0.007874279632017592
1972,-1.4148027782337094,-0.24114216687407403,-1.3416737617874785,0.13016364988450538,0.08075497336701186,-0.03546099248403505,-0.11097851698956865,-1.2609187884204667,-0.007444480339638911
1973,-1.3203000751357818,-0.31778347653608485,-1.3055907666090185,0.13138019038483148,0.2108757950969563,-0.03637893547670813,-0.18640328615125337,-1.094714971512062,-0.0028028819957581635
1974,-1.5063195382156485,-0.24862480813323937,-1.4652809259319632,0.06378243492692469,0.19256550803185296,-0.04394742261231739,-0.1848423732063147,-1.2727154179001103,-0.004814324496906039
1975,-1.0450126873809384,-0.1544766559456437,-0.9315840043619098,0.09366711004710349,0.029038399351574175,-0.08012656956393117,-0.06080954589854021,-0.9025456050103356,-0.0015309669081313565
1976,-1.429664219690772,-0.2486026362751602,-1.3036868681182388,0.11695698710680713,0.11540735761377602,-0.10440343726057015,-0.13164564916835306,-1.1882795105044628,-0.005335622757386041
1977,-1.1535812953252318,-0.21221062665280774,-1.2564144810993065,0.13879815452382846,0.22451915714033402,-0.04057209684162911,-0.07341247212897928,-1.0318953239589725,-0.007701402395650862
1978,-1.501071650401875,-0.2262051223593038,-1.5932905819787597,0.11492222533087249,0.2387576593178235,-0.02690995558065896,-0.1112828970284313,-1.3545329226609362,-0.008345875131848746
1979,-1.2703755653998294,-0.3600671457473493,-1.4294671197186717,0.16825957392288735,0.412641180910317,-0.06001530557328523,-0.19180757182446198,-1.0168259388083547,-0.0017267491937274365
1980,-1.615216393650258,-0.298902116397558,-1.8807437770856403,0.21891648792841809,0.46009030690124053,-0.1119504867526048,-0.0799856284691399,-1.4206534701843998,-0.0026268082441135154
1981,-1.3921580285608928,-0.3155827890084237,-1.2738830368915537,0.09689347908253818,0.1882717558628589,-0.08853183936036604,-0.2186893099258855,-1.0856112810286949,0.0006744017540536718
1982,-1.372104872764841,-0.3009003156712685,-1.392635757821374,0.2025927944134182,0.21225876056667162,-0.09194330074948087,-0.0983075212578503,-1.1803769972547022,-0.0014770535028075793
1983,-1.5068713014062547,-0.2477857313253992,-1.6404394625507381,0.22161023182269407,0.2442999989675882,-0.0755871950624213,-0.02617549950270512,-1.3961394635831499,-0.00896914325797847
1984,-1.2909881075056775,-0.2807681562005425,-1.4918623103361857,0.12458471881079485,0.41108108538652466,-0.04556151136311901,-0.15618343738974766,-1.0807812249496611,-0.008461933803149656
1985,-1.244277744556182,-0.21858206185106174,-1.4085030514125492,0.10137371424586139,0.2876042146981672,-0.005165531705074884,-0.11720834760520035,-1.120898836714382,-0.0010050285315246809
1986,-1.4410168227362006,-0.20856821671121833,-1.1777080048314608,-0.07545586974938347,0.10980977763168186,-0.08644984640785269,-0.2840240864606018,-1.067898227199779,-0.002644662667967035
1987,-1.409013333189684,-0.1883865188778509,-1.3418194589325982,0.034320112723761946,0.09979796063700291,-0.008645261420362847,-0.15406640615408895,-1.2420214982955953,-0.004280167319636732
1988,-1.3963993284171436,-0.2787991701018603,-1.2762539794838255,-0.03701287604996976,0.3242940266827595,-0.12106158554222388,-0.31581204615183006,-0.951959952801066,-0.00756574392202361
1989,-1.465083780178775,-0.28886287980476677,-1.1100077906278574,-0.003220654305717075,0.04971759331862228,-0.11077520868089154,-0.2920835341104838,-1.0602901973092351,-0.0019348400781644542
1990,-1.6413568788164679,-0.2502674467189596,-1.711962554360113,0.03508354823241473,0.32866707875919127,-0.03491863163924885,-0.2151838984865449,-1.3832954756009217,-0.007958873089752468
1991,-1.5117231901417567,-0.28071553888695805,-1.6393833441411416,0.23021113148627456,0.23520175732128235,-0.04792967855285277,-0.05050440740068349,-1.4041815868198593,-0.009107517368361157
1992,-1.311846816969819,-0.26635049491331214,-1.1139277888823351,-0.028607844186961065,0.1503879508560092,-0.049423277155317545,-0.2949583391002732,-0.9635398380263259,-0.003925362687902258
1993,-1.5880698429646887,-0.2775744483253789,-1.5355847287560165,0.10500479038051437,0.22903317987992244,-0.09711580776782287,-0.17256965794486456,-1.3065515488760941,-0.011832828375907087
1994,-1.2631824356509669,-0.30286194960904056,-1.31259126140532,0.11423956006631508,0.3518850244543201,-0.10994097650500069,-0.18862238954272548,-0.9607062369509998,-0.003912832652240947
1995,-1.0484108101320853,-0.24868496371524848,-1.3560897876023512,0.15334118007478087,0.3938029510676328,0.01610270153483431,-0.09534378364046761,-0.9622868365347184,-0.006882891491733625
1996,-1.445173356559618,-0.22412024958423643,-1.431031030399427,0.08025669808745478,0.15628337463510705,-0.016265247129313657,-0.14386355149678165,-1.2747476557643198,-0.010296902169202978
1997,-1.3600531374373956,-0.24956067974012608,-1.4195244737021682,0.06183725357846837,0.2580543230269132,-0.0032481769102937494,-0.1877234261616577,-1.161470150675255,-0.0076113836901891265
1998,-1.6724225770915093,-0.2738035683717465,-1.463162303135771,0.16856279748832623,0.052101659308117214,-0.14884926254835815,-0.10524077088342029,-1.4110606438276538,-0.007271899832077128
1999,-1.329108520829801,-0.19640969851416426,-1.5818079620111831,0.1375354434188388,0.33372952440915193,-0.017224887130118983,-0.058874255095325456,-1.248078437602031,-0.004930941002325561
2000,-1.1255357292637966,-0.16105689197301926,-1.1965897485637447,0.1775321357623296,0.08842548652945696,-0.03305296451081836,0.01647524378931034,-1.1081642620342878,-0.0007937465080008407
2001,-1.587157268940934,-0.20448001550855183,-1.2763232477032318,-0.11790591810946731,0.06102651473184325,-0.037060033495510666,-0.32238593361801915,-1.2152967329713886,-0.012414568856015565
2002,-1.520583334557778,-0.24389546678797955,-1.6252546752601191,0.11245374306964079,0.29242657531815025,-0.05127208697475343,-0.13144172371833876,-1.3328280999419688,-0.005041423922716955
2003,-1.208838584923324,-0.17989755812213354,-1.5083626556578043,0.2402748322785275,0.32787679865999175,-0.08095668856411321,0.06037727415639396,-1.1804858569978125,-0.007773313517792299
2004,-1.2844958473245933,-0.19979090606836025,-1.4290504151936227,0.13778040620492663,0.28170446503240176,-0.06627821346300752,-0.06201049986343363,-1.1473459501612209,-0.008861183836931269
2005,-1.8274075362266275,-0.19277857404174292,-1.5531041336224025,-0.049151645901090564,0.03436903297963027,-0.0627733376121313,-0.24193021994283348,-1.5187351006427723,-0.003968878028890482
2006,-1.297067458619134,-0.20238676117946972,-1.3057033150943478,0.19422387606438807,0.12484958795328377,-0.09882185593852426,-0.008162885115081647,-1.180853727141064,-0.009228990424464081
2007,-1.8785031435980704,-0.22689925411552175,-1.6212468802464735,0.044085693680964017,-0.03875764573616611,-0.03285680107303784,-0.18281356043455774,-1.6600045259826395,-0.0028282561078352766
2008,-1.2380519426306436,-0.2536326816877401,-1.3731866504333354,0.19401703123808536,0.20480929989845717,-0.00330310338397779,-0.05961565044965475,-1.1683773505348782,-0.006755838262132751
2009,-1.5761920024122213,-0.2575108585620246,-1.4399832396334749,-0.007669661294438569,0.1910889454630475,-0.0596198116607817,-0.2651805198564632,-1.2488942941704273,-0.0024973767245491663
2010,-1.2883892744893903,-0.1182942305387557,-1.6853739943281103,0.23151695539888237,0.3134774220325861,-0.02234175773501864,0.11322272486012666,-1.3718965722955243,-0.007373669318974131
2011,-0.6473438227435255,-0.09973595741840537,-1.006797687991128,0.16455747709271926,0.3316289296191808,-0.029244964994320388,0.06482151967431389,-0.6751687583719472,-0.007751619051571845
2012,-1.6219523045103168,-0.23873002878798846,-1.4998797454450103,0.13081529903907022,0.08902041207661682,-0.09957356563891313,-0.10791472974891825,-1.4108593333683936,-0.0036046757540917768
2013,-0.9825278375024927,-0.06428863487570825,-1.0403243408735185,-0.022787704703359193,0.11243887460233765,0.03665582173808134,-0.08707633957906745,-0.9278854662711808,-0.0042218533903257555
2014,-1.252380044327802,-0.08905994402706235,-1.4274736325732176,0.14923975586468813,0.15185633469320886,-0.029650543304921697,0.060179811837625774,-1.2756172978800087,-0.007292014980497339
2015,-0.8510526217566879,-0.0807255897626929,-1.1164993298749812,0.16959711082076104,0.20974192008195977,-0.026806523503298155,0.08887152105806814,-0.9067574097930214,-0.006360209518436518
2016,-1.3612095077773747,-0.14023433660937154,-1.2009013931631636,0.043849974586712956,-0.005646902595620212,-0.055718971147419,-0.09638436202265858,-1.2065482957587839,-0.002557878848513301
2017,-1.1357050316374708,-0.09850800627332093,-1.1929091711597106,0.042792816973283514,0.19664544804463888,-0.08645671356209302,-0.05571518930003742,-0.9962637231150717,0.0027305943397312876
2018,-1.3615800372491842,-0.15139920721918035,-1.4488869380887035,0.18820104466903811,0.10706093794971723,-0.05338622862921711,0.036801837449857766,-1.3418260001389863,-0.003169645930838509
2019,-0.4902696282020652,-0.08681176299707243,-0.801332346943197,0.2594024915076957,0.17099752814584018,-0.03537293613264031,0.17259072851062324,-0.6303348187973568,0.002847398217308561
2020,-0.6003772862439983,-0.03958309485676566,-1.0004058286106055,0.27718188912609915,0.21172254587045516,-0.04700205897206649,0.2375987942693335,-0.7886832827401503,-0.002290738801115029
2021,-0.7601504329177138,-0.1129601523575244,-0.87953018102389,0.12069135493933957,0.18567035747952632,-0.07036413762345219,0.007731202581815172,-0.6938598235443637,-0.0036576743317130317
2022,-1.2246753742228678,-0.1212525564921156,-0.8702025219984691,-0.11445451955270762,-0.13506925023889926,0.01803526960675387,-0.23570707604482322,-1.0052717722373683,-0.0017317955474301164
2023,-1.0538503260713297,-0.11562542282232566,-1.1315676470469034,0.0848873241529238,0.09833367594576196,0.008445545884010997,-0.03073809866940186,-1.0332339711011413,0.0016761978152025955
2024,-0.9012104261816062,-0.1112124480167312,-0.9075806001667887,0.014063346401418932,0.12478978076337904,-0.025581411537018903,-0.09714910161531227,-0.7827908194034097,0.004310906374134702
2025,-0.2916399282134472,-0.086889856697805,-0.6191590438379706,0.08762918545660382,0.287302249415675,0.04344760827101877,0.0007393287587988268,-0.3318567944222956,-0.0039700708209692084
2026,-1.050712356516904,-0.10568232201781584,-1.4002350524545801,0.1335753355359591,0.30655889616727144,0.02094690767507581,0.02789301351814326,-1.0936761562873087,-0.005876121422814372
2027,-1.2832118534812331,-0.11079976954897049,-1.1635084964377176,0.04774399230049642,-0.018935938608526118,-0.03335976095068095,-0.06305577724847407,-1.1824444350462437,-0.004351880235834313
2028,-0.9192769421079724,-0.09523432586417868,-1.0427910362536226,0.1758797392462006,0.04902318576774904,-0.0018907721375602197,0.08064541338202191,-0.9937678504858736,-0.004263732866560516
2029,-1.1821830611429385,-0.18950123750545375,-1.1530974717589992,-0.08250936919393663,0.23335130979075608,0.004521514655867401,-0.27201060669939037,-0.9197461619682432,0.0050521928688277064
2030,-1.222540163874301,-0.16766052956937103,-0.917458032579768,-0.10246015911865668,0.043136061113935066,-0.0789037767055388,-0.2701206886880277,-0.8743219714658329,0.0008062729850983608
2031,-1.0627685006525138,-0.18365107278451342,-0.9473556329784693,0.08843479942560571,0.02398234119137352,-0.044126317551387156,-0.09521627335890771,-0.9233732917870957,-5.261795512326306e-05
2032,-0.9442252663649722,-0.10114975031887612,-1.0304202190214358,0.11974466354561365,0.08384324087952073,-0.011165296697158092,0.018594913226737536,-0.946576978141915,-0.00507790475263665
2033,-0.8035831733726915,-0.1252998732927231,-0.863426543678614,0.11570766960497494,0.06401929480922922,0.007912790704772155,-0.009592203687748158,-0.7994072488693849,-0.0024965115203306135
2034,-0.8732198155575085,-0.060638708380771185,-1.2779360788864405,0.21534923951739046,0.28404841486915344,-0.027043995439328707,0.15471053113661928,-0.993887664017287,-0.006998687237512145
2035,-1.0315351898147145,-0.13525015280746594,-1.275592062413242,0.15625553356278318,0.31247080975263986,-0.08516472508871402,0.021005380755317243,-0.9631212526606021,-0.0042545928207155664
2036,-0.4932882351403988,-0.01928266938817407,-0.7345890306068491,0.10887658196247349,0.14297527738821375,0.016566854269534494,0.08959391257429941,-0.5916137532186354,-0.007835248765597349
2037,-0.9038619130712807,-0.05210053151416815,-0.88463386909805,0.12402564805885662,-0.06623933554235385,-0.021029084313678538,0.07192511654468847,-0.9508732046404038,-0.0038847406618868416
2038,-1.008106763211333,-0.1435031264443171,-0.8634005242881526,0.0028580480053058714,-0.0037964611510324427,-0.003027656597437874,-0.14064507843901122,-0.8671969854391851,0.0027629572643012097
2039,-0.7162629257308982,-0.10381144838035418,-0.8045303958627342,0.19553917093918066,0.04720929099792529,-0.047568390365756615,0.09172772255882648,-0.757321104864809,-0.0031011530591590827
2040,-1.1716605853952249,-0.13706645203063084,-0.6181553067932015,-0.10483438114377774,-0.27102759344754956,-0.04051304999035578,-0.24190083317440858,-0.8891829002407511,-6.380198970944162e-05
2041,-0.9840364345129401,-0.10355856264338086,-0.7917243244978868,-0.11531927064320047,0.030306865050156298,0.0035477729343935767,-0.21887783328658134,-0.7614174594477304,-0.007288914713021853
2042,-0.7684595972143594,-0.10700995125070907,-0.5538584196409834,-0.05765543388694022,-0.023025860252550847,-0.027454984779025242,-0.16466538513764928,-0.5768842798935342,0.0005450525958492977
2043,-1.0387675757068566,-0.1357459559611804,-0.8815269218446713,-0.0463641152563846,0.08897156761366487,-0.06178160912917069,-0.18211007121756498,-0.7925553542310064,-0.0023205411291145617
2044,-0.9056618256336345,-0.10350695178297671,-0.9543329047645646,0.07970861969335379,0.11120622904149183,-0.03856383524631962,-0.023798332089622926,-0.8431266757230728,-0.00017298257461922928
2045,-0.7233703507762704,-0.09232793834154779,-0.8591353983818131,0.14819715399626823,0.18285334561967292,-0.09721917269063637,0.055869215654720444,-0.6762820527621402,-0.005738340978214379
2046,-0.3154535585967884,-0.1233423009812912,-0.4882307154650261,0.2330902232338084,0.14398248731217003,-0.07974158270171113,0.1097479222525172,-0.34424822815285605,-0.0012116699947384707
2047,-0.732368495424726,-0.07185273507045277,-1.083524657849423,0.22966916601367907,0.23687783937449639,-0.03891846788414581,0.15781643094322628,-0.8466468184749267,-0.00461964000887978
2048,-0.34184778572050634,-0.027498221265041596,-0.3387348755637716,-0.02327109385624228,0.008061463679846838,0.03935256835013947,-0.05076931512128388,-0.33067341188392474,0.00024237293456284142
2049,-0.835612926171936,-0.07104324595463052,-0.6497439553936221,-0.055750969255396646,-0.02328325983461082,-0.03845087906615038,-0.12679421521002715,-0.6730272152282328,0.002659383332474362
2050,-0.04708387032088096,-0.0023032249079638,-0.11354706189858993,0.08336698248246836,0.022621131363226493,-0.041886530215836965,0.08106375757450457,-0.09092593053536344,0.004664832855814871
2051,-0.2574752978518098,-0.0028690244841598172,-0.3504972173020348,0.09066099515779376,0.016872101062565696,-0.011941192717860781,0.08779197067363394,-0.3336251162394691,0.00029904043188618695
2052,-1.5217545697325208,-0.08150092074334346,-1.0230747754684122,-0.10029239714301674,-0.16930838795821374,-0.14313006580198318,-0.18179331788636022,-1.192383163426626,-0.004448022617551395
2053,-0.9498320879174891,-0.04877983404086902,-1.064338044167155,0.10389103617263716,0.03922856241863397,0.019209544072158476,0.05511120213176814,-1.0251094817485211,0.0009566476271054489
2054,-0.5709301365007127,-0.07675877219955383,-0.4713936418308465,0.06556676470838659,-0.05754029931423397,-0.03046585400925714,-0.01119200749116725,-0.5289339411450804,-0.00033833385520789724
2055,-0.7246240904241903,-0.07054130763218266,-1.0202485228184321,-0.050940552425450585,0.41046355994425876,0.007223619655137637,-0.12148186005763326,-0.6097849628741734,-0.0005808871475212595
2056,-0.8454672304272207,-0.1614596033767708,-0.48640031103524933,0.02813208052384608,-0.13891747376889346,-0.0960619781823327,-0.1333275228529247,-0.6253177848041428,0.009240055412179482
2057,-0.8640680999835508,-0.14825809975929546,-0.7896853031863175,0.004576100971923197,0.09634874526228224,-0.021296914451075538,-0.14368199878737226,-0.6933365579240353,-0.0057526288210677234
2058,-0.04007033849099603,-0.04805817477495457,-0.023354102002114574,0.022596474882077642,0.03642810335961235,-0.026629611703040713,-0.025461699892876926,0.013074001357497776,-0.0010530282525761693
2059,0.06895423965106158,-0.03943732061656236,-0.24499744411140875,0.08634280870024504,0.2946584066336407,-0.024987699278119974,0.046905488083682674,0.04966096252223193,-0.0026245116767330476
2060,-0.4371019014287655,-0.13495331900064772,-0.4910860727567676,0.15345273458126643,0.0955920001511428,-0.059809401961759594,0.01849941558061871,-0.39549407260562475,-0.0002978424419998807
2061,-0.21414864248267018,-0.03407470282045505,-0.49553214763852643,0.2027640471953686,0.16537187715511908,-0.05003347365944625,0.16868934437491356,-0.33016027048340735,-0.002644242714730148
2062,0.2609027628137919,-0.03438438024853768,0.08065574542128254,0.10733658237697885,0.22701995737923428,-0.11633945543395346,0.07295220212844117,0.3076757028005168,-0.0033856866812126407
2063,-0.765444142446451,-0.13271150857172687,-0.6917540158334863,0.07370595648200384,0.05226905240467331,-0.0657874969624333,-0.05900555208972302,-0.639484963428813,-0.0011661299654816548
2064,-0.36749811113421404,-0.057347033037735494,-0.46238157952389675,-0.03161500389530637,0.24579832941088084,-0.06254101306812103,-0.08896203693304186,-0.2165832501130159,0.0005881889799647239
2065,-0.4770523488753715,-0.08258004385464326,-0.5201871449755577,0.028672141729219575,0.16706509612004658,-0.06997906442075907,-0.05390790212542369,-0.35312204885551113,-4.333347367763141e-05
2066,-1.0046803980886494,-0.16345229262755795,-0.5092355364432255,-0.2347960567229595,-0.07895142527509633,-0.020744456737232787,-0.39824834935051745,-0.5881869617183219,0.0024993697174226955
2067,-0.32926194152126403,-0.12712291143274415,-0.2926552721215054,-0.04705423538399923,0.1916733489004137,-0.05641227257464887,-0.17417714681674337,-0.10098192322109167,0.0023094010912198815
2068,-0.6427759305912998,-0.11063810108388929,-0.6355611166084366,0.027381049804970328,0.10458052553158116,-0.02953738992925724,-0.08325705127891896,-0.5309805910768555,0.0009991016937318416
2069,-0.23419291738618575,-0.11162836258223313,-0.6072217386562069,0.16482975993051774,0.30212064515989856,0.015902377916451407,0.05320139734828461,-0.3051010934963083,0.0018044008453865536
2070,-0.3715475075299072,-0.0712498585004401,-0.3436497291845455,0.054363345619762846,0.016130118310948762,-0.023038472329093607,-0.01688651288067726,-0.32751961087359677,-0.004102911446539525
2071,-0.7913620163938457,-0.10797751034520439,-0.8590186840395341,0.0972367558342101,0.1538908400796751,-0.0744729544472741,-0.010740754510994294,-0.705127843959859,-0.0010204634757183667
2072,-0.2065545950634189,-0.10453185928913086,-0.4449780257652066,0.030933629184702674,0.38171690498885724,-0.06750985672870059,-0.07359823010442819,-0.06326112077634938,-0.002185387453940743
2073,-0.7682702406454232,-0.15698185000043516,-0.6222085113110247,-0.058625583815396946,0.06273667364939423,0.00989298228700284,-0.2156074338158321,-0.5594718376616306,-0.0030839514549632976
2074,-0.4658700304269525,-0.15040201105695117,-0.5871475669795936,0.03812485256657686,0.24964100800512565,-0.02094122177447988,-0.11227715849037431,-0.3375065589744679,0.004854908812369607
2075,-0.436588602630092,-0.09618351268627373,-0.503464915196962,0.06330816144114826,0.165860290798395,-0.07129299176160804,-0.03287535124512547,-0.337604624398567,0.005184364775208464
2076,-0.32966925151895254,-0.11282830032529857,-0.3669219003608362,0.029786402085678045,0.14021751579789202,-0.020866296260068185,-0.08304189823962052,-0.2267043845629442,0.0009433275436803619
2077,0.2477359988053538,-0.003271672542403527,0.05637573158379538,0.029340706482757887,0.11418503799694615,0.054058192950884126,0.02606903394035436,0.17056076958074154,-0.002951997666626238
2078,-0.22831117189228742,-0.11999925198404092,-0.23061611357198808,0.0479884803677186,0.12294318294186517,-0.04922205915478832,-0.07201077161632233,-0.10767293063012291,0.0005945895089461417
2079,-0.22456141122329934,-0.10834620211410625,-0.4600915151443829,0.05814136066845054,0.27578766400575694,0.011606410994913097,-0.050204841445655714,-0.18430385113862596,-0.0016591296339307678
2080,-0.3317941844890207,-0.12795643496483028,-0.12064158799984352,0.04959640551977105,-0.027152234751765574,-0.10666170162069813,-0.07836002944505924,-0.1477938227516091,0.0010213693283457337
2081,-0.5010455567584704,-0.11086300731573097,-0.27533941720456356,-0.03361087442081105,0.03711252169714225,-0.10951898778354596,-0.14447388173654202,-0.23822689550742132,-0.008825791730961097
2082,-0.2360580589956163,-0.10183805621990359,-0.20036785614634445,0.22727468843667464,-0.029155155616336182,-0.12569571021158726,0.12543663221677104,-0.22952301176268064,-0.0062759692381194054
2083,-0.12144408421005598,-0.05863039167341029,0.10340639157639128,-0.12691271682247843,-0.01820958406324112,-0.029391347001869805,-0.18554310849588873,0.08519680751315016,0.008293563774552395
2084,0.06603339887203509,-0.12043326745549238,-0.00890595516320812,-0.04182577615240206,0.2224800036527535,0.016049562278927426,-0.16225904360789445,0.21357404848954537,-0.0013311682885432663
2085,-0.19278957304646813,-0.05642659004732548,-0.29944477906839845,0.06514489911171252,0.15784189385187625,-0.06130243286478638,0.008718309064387038,-0.1416028852165222,0.0013974359704534214
2086,-0.06666178736922825,-0.09705767981795213,0.0629663104892339,0.015873253063927808,0.03808050778818532,-0.08962317950521681,-0.08118442675402432,0.10104681827741922,0.003099000612593661
2087,-0.1974381151205637,-0.11048418431581217,-0.2493807522942459,-0.03702381807915932,0.1932640072709096,0.004320321456191929,-0.14750800239497147,-0.0561167450233363,0.0018663108415521478
2088,-0.4660095461614651,-0.14275747748604645,-0.1604318170890209,-0.24450090103632788,0.07618247096086221,0.002497812129505103,-0.3872583785223743,-0.0842493461281587,0.0030003663595628005
2089,-0.3258191913840076,-0.1271799381765653,-0.34517228134248773,0.0006489250819903738,0.14093326067866954,0.0008342269401669273,-0.12653101309457493,-0.2042390206638182,0.004116615434218578
2090,-0.25017486936290906,-0.07232225520235536,-0.35647166340839975,0.06585922945011108,0.11094823005542025,0.00303135246269147,-0.006463025752244278,-0.2455234333529795,-0.001219762720376758
2091,-0.49410633096796674,-0.055168737535078026,-0.8219032435853246,0.0473522830483582,0.32856831584878293,0.010974264384133554,-0.007816454486719825,-0.4933349277365417,-0.0039292131288388
2092,-0.48643242706621725,-0.12172252786300186,-0.2018125977509562,-0.08102277966739806,-0.03587723679248381,-0.04083824269218488,-0.20274530753039993,-0.23768983454344,-0.005159042300192436
2093,-0.09040574411339791,-0.0647230971018386,-0.07692537586067211,-0.0883332334593657,0.18130814317920146,-0.04042895166757748,-0.1530563305612043,0.10438276731852936,-0.0013032292031454965
2094,-0.2346089290108794,-0.10305199155500515,-0.3019609887697329,0.046525259188939794,0.1628698932343599,-0.04002271973008804,-0.056526732366065355,-0.13909109553537297,0.0010316186206469416
2095,0.17825557410903828,-0.10618194267732843,-0.061791293895425516,0.172106135946978,0.20701653039965806,-0.03231545811035543,0.06592419326964956,0.14522523650423255,-0.000578397554488401
2096,-0.40586704553363173,-0.13021620974741682,-0.283437043366235,-0.05882702684218919,0.16600357309261715,-0.10077095254824528,-0.189043236589606,-0.11743347027361783,0.0013806138778373889
2097,-0.29520829342655575,-0.13603903945339707,-0.21109617766686892,-0.010678080609691816,0.14028251797522157,-0.08493269822437563,-0.14671712006308887,-0.07081365969164735,0.00725518455255611
2098,-0.2081032419299516,-0.10353811044864729,-0.29091800504474086,0.16626044868196638,0.051020267665231954,-0.033220637488135196,0.06272233823331909,-0.2398977373795089,0.0022927947043734076
2099,0.11921221517643017,0.041449404067423354,0.14109680282500378,-0.04532245457780658,-0.006021076132790976,-0.011666211983075816,-0.0038730505103832247,0.1350757266922128,-0.0003242490223235809
2100,-0.11938730269852559,-0.06486794353662291,-0.12330221635038155,-0.11729677029237565,0.12691317975024494,0.05599547929313071,-0.18216471382899857,0.003610963399863387,0.0031709684374788896
